GO_ID	GO_Type	Study_Count	Study_Total	Population_Count	Population_Total	Fold_Enrichment	P_Value	Odds_Ratio	GO_Term	FDR_P_Value
GO:0043231	C	20	1080	85	8571	1.8673202614379085	0.0037713315300252326	2.155587808417997	intracellular membrane-bounded organelle	0.4467496102077831
GO:0031966	C	5	1080	12	8571	3.306712962962963	0.011612887838071071	4.972757475083056	mitochondrial membrane	0.4467496102077831
GO:0045211	C	8	1080	26	8571	2.4418803418803416	0.01198008029712017	3.0982587064676617	postsynaptic membrane	0.4467496102077831
GO:0030667	C	6	1080	17	8571	2.8009803921568626	0.0142517448190649	3.798882681564246	secretory granule membrane	0.4467496102077831
GO:0005789	C	37	1080	206	8571	1.4254180151024811	0.015547661069282428	1.5369524641594854	endoplasmic reticulum membrane	0.4467496102077831
GO:0045334	C	2	1080	2	8571	7.936111111111111	0.015864737227526488	inf	clathrin-coated endocytic vesicle	0.4467496102077831
GO:0005795	C	2	1080	2	8571	7.936111111111111	0.015864737227526488	inf	Golgi stack	0.4467496102077831
GO:0042645	C	2	1080	2	8571	7.936111111111111	0.015864737227526488	inf	mitochondrial nucleoid	0.4467496102077831
GO:0005759	C	6	1080	18	8571	2.64537037037037	0.019148302119829156	3.4818435754189943	mitochondrial matrix	0.4467496102077831
GO:0002116	C	2	1080	3	8571	5.29074074074074	0.04360257048027498	13.896103896103897	semaphorin receptor complex	0.4467496102077831
GO:0099503	C	2	1080	3	8571	5.29074074074074	0.04360257048027498	13.896103896103897	secretory vesicle	0.4467496102077831
GO:0071203	C	2	1080	3	8571	5.29074074074074	0.04360257048027498	13.896103896103897	WASH complex	0.4467496102077831
GO:0030896	C	2	1080	3	8571	5.29074074074074	0.04360257048027498	13.896103896103897	checkpoint clamp complex	0.4467496102077831
GO:0030130	C	2	1080	3	8571	5.29074074074074	0.04360257048027498	13.896103896103897	clathrin coat of trans-Golgi network vesicle	0.4467496102077831
GO:0030015	C	2	1080	3	8571	5.29074074074074	0.04360257048027498	13.896103896103897	CCR4-NOT core complex	0.4467496102077831
GO:0048188	C	3	1080	7	8571	3.401190476190476	0.04721265417811435	5.213788300835654	Set1C/COMPASS complex	0.4467496102077831
GO:0035861	C	4	1080	12	8571	2.64537037037037	0.054030593475317495	3.4772304832713754	site of double-strand break	0.4467496102077831
GO:0000139	C	16	1080	85	8571	1.493856209150327	0.0634276616398215	1.6175220660346519	Golgi membrane	0.4467496102077831
GO:0000932	C	4	1080	13	8571	2.4418803418803416	0.07051287677858581	3.090458488228005	P-body	0.4467496102077831
GO:0010494	C	2	1080	4	8571	3.9680555555555554	0.07997448418179567	6.947124304267161	cytoplasmic stress granule	0.4467496102077831
GO:0044666	C	2	1080	4	8571	3.9680555555555554	0.07997448418179567	6.947124304267161	MLL3/4 complex	0.4467496102077831
GO:0000811	C	2	1080	4	8571	3.9680555555555554	0.07997448418179567	6.947124304267161	GINS complex	0.4467496102077831
GO:0005861	C	2	1080	4	8571	3.9680555555555554	0.07997448418179567	6.947124304267161	troponin complex	0.4467496102077831
GO:0030014	C	2	1080	4	8571	3.9680555555555554	0.07997448418179567	6.947124304267161	CCR4-NOT complex	0.4467496102077831
GO:0043186	C	2	1080	4	8571	3.9680555555555554	0.07997448418179567	6.947124304267161	P granule	0.4467496102077831
GO:0035371	C	2	1080	4	8571	3.9680555555555554	0.07997448418179567	6.947124304267161	microtubule plus-end	0.4467496102077831
GO:0034707	C	3	1080	9	8571	2.64537037037037	0.09357387573103057	3.4749303621169916	chloride channel complex	0.4467496102077831
GO:0032580	C	3	1080	9	8571	2.64537037037037	0.09357387573103057	3.4749303621169916	Golgi cisterna membrane	0.4467496102077831
GO:0034703	C	4	1080	15	8571	2.1162962962962966	0.11008975645525705	2.5278810408921935	cation channel complex	0.4467496102077831
GO:0005788	C	4	1080	15	8571	2.1162962962962966	0.11008975645525705	2.5278810408921935	endoplasmic reticulum lumen	0.4467496102077831
GO:0005783	C	16	1080	92	8571	1.3801932367149758	0.11140497005399867	1.4671547289275821	endoplasmic reticulum	0.4467496102077831
GO:0005635	C	3	1080	10	8571	2.380833333333333	0.12162131752231042	2.9781138081973735	nuclear envelope	0.4467496102077831
GO:0016460	C	3	1080	10	8571	2.380833333333333	0.12162131752231042	2.9781138081973735	myosin II complex	0.4467496102077831
GO:0005737	C	140	1080	1015	8571	1.0946360153256705	0.12186898704127398	1.126127659574468	cytoplasm	0.4467496102077831
GO:0005604	C	2	1080	5	8571	3.174444444444444	0.12236805045714504	4.630797773654916	basement membrane	0.4467496102077831
GO:0008074	C	1	1080	1	8571	7.936111111111111	0.12600630031501575	inf	guanylate cyclase complex, soluble	0.4467496102077831
GO:0008024	C	1	1080	1	8571	7.936111111111111	0.12600630031501575	inf	cyclin/CDK positive transcription elongation factor complex	0.4467496102077831
GO:0032541	C	1	1080	1	8571	7.936111111111111	0.12600630031501575	inf	cortical endoplasmic reticulum	0.4467496102077831
GO:0090694	C	1	1080	1	8571	7.936111111111111	0.12600630031501575	inf	Scc2-Scc4 cohesin loading complex	0.4467496102077831
GO:0071439	C	1	1080	1	8571	7.936111111111111	0.12600630031501575	inf	clathrin complex	0.4467496102077831
GO:0030127	C	1	1080	1	8571	7.936111111111111	0.12600630031501575	inf	COPII vesicle coat	0.4467496102077831
GO:0033176	C	1	1080	1	8571	7.936111111111111	0.12600630031501575	inf	proton-transporting V-type ATPase complex	0.4467496102077831
GO:0042721	C	1	1080	1	8571	7.936111111111111	0.12600630031501575	inf	TIM22 mitochondrial import inner membrane insertion complex	0.4467496102077831
GO:0016605	C	1	1080	1	8571	7.936111111111111	0.12600630031501575	inf	PML body	0.4467496102077831
GO:0043291	C	1	1080	1	8571	7.936111111111111	0.12600630031501575	inf	RAVE complex	0.4467496102077831
GO:0043541	C	1	1080	1	8571	7.936111111111111	0.12600630031501575	inf	UDP-N-acetylglucosamine transferase complex	0.4467496102077831
GO:0017071	C	1	1080	1	8571	7.936111111111111	0.12600630031501575	inf	intracellular cyclic nucleotide activated cation channel complex	0.4467496102077831
GO:0000417	C	1	1080	1	8571	7.936111111111111	0.12600630031501575	inf	HIR complex	0.4467496102077831
GO:0071797	C	1	1080	1	8571	7.936111111111111	0.12600630031501575	inf	LUBAC complex	0.4467496102077831
GO:0005587	C	1	1080	1	8571	7.936111111111111	0.12600630031501575	inf	collagen type IV trimer	0.4467496102077831
GO:0035658	C	1	1080	1	8571	7.936111111111111	0.12600630031501575	inf	Mon1-Ccz1 complex	0.4467496102077831
GO:1990811	C	1	1080	1	8571	7.936111111111111	0.12600630031501575	inf	MWP complex	0.4467496102077831
GO:0060076	C	1	1080	1	8571	7.936111111111111	0.12600630031501575	inf	excitatory synapse	0.4467496102077831
GO:0071942	C	1	1080	1	8571	7.936111111111111	0.12600630031501575	inf	XPC complex	0.4467496102077831
GO:0071782	C	1	1080	1	8571	7.936111111111111	0.12600630031501575	inf	endoplasmic reticulum tubular network	0.4467496102077831
GO:0048788	C	1	1080	1	8571	7.936111111111111	0.12600630031501575	inf	cytoskeleton of presynaptic active zone	0.4467496102077831
GO:0098982	C	1	1080	1	8571	7.936111111111111	0.12600630031501575	inf	GABA-ergic synapse	0.4467496102077831
GO:0030870	C	1	1080	1	8571	7.936111111111111	0.12600630031501575	inf	Mre11 complex	0.4467496102077831
GO:0005891	C	1	1080	1	8571	7.936111111111111	0.12600630031501575	inf	voltage-gated calcium channel complex	0.4467496102077831
GO:0000111	C	1	1080	1	8571	7.936111111111111	0.12600630031501575	inf	nucleotide-excision repair factor 2 complex	0.4467496102077831
GO:0030893	C	1	1080	1	8571	7.936111111111111	0.12600630031501575	inf	meiotic cohesin complex	0.4467496102077831
GO:0016589	C	1	1080	1	8571	7.936111111111111	0.12600630031501575	inf	NURF complex	0.4467496102077831
GO:0072380	C	1	1080	1	8571	7.936111111111111	0.12600630031501575	inf	TRC complex	0.4467496102077831
GO:0097541	C	1	1080	1	8571	7.936111111111111	0.12600630031501575	inf	axonemal basal plate	0.4467496102077831
GO:1990923	C	1	1080	1	8571	7.936111111111111	0.12600630031501575	inf	PET complex	0.4467496102077831
GO:0140672	C	1	1080	1	8571	7.936111111111111	0.12600630031501575	inf	ATAC complex	0.4467496102077831
GO:0005886	C	120	1080	868	8571	1.09715821812596	0.13769528699696168	1.1268382352941178	plasma membrane	0.4809059277207318
GO:0005765	C	6	1080	29	8571	1.6419540229885057	0.14977657607256167	1.8139421909157154	lysosomal membrane	0.5154076294261681
GO:0005615	C	39	1080	263	8571	1.1768377693282637	0.15579159067082193	1.2154050020584604	extracellular space	0.5260879275370558
GO:0098793	C	4	1080	17	8571	1.8673202614379085	0.15737673045980302	2.138404346582785	presynapse	0.5260879275370558
GO:0031902	C	6	1080	30	8571	1.5872222222222223	0.16853565288873013	1.7381284916201116	late endosome membrane	0.5313326926556362
GO:0016607	C	2	1080	6	8571	2.64537037037037	0.16869116280097762	3.472634508348794	nuclear speck	0.5313326926556362
GO:0032991	C	4	1080	18	8571	1.7635802469135802	0.18339375983077472	1.9853956452469463	protein-containing complex	0.5313326926556362
GO:0000151	C	3	1080	12	8571	1.9840277777777777	0.18501653850101238	2.3156917363045495	ubiquitin ligase complex	0.5313326926556362
GO:0032589	C	3	1080	12	8571	1.9840277777777777	0.18501653850101238	2.3156917363045495	neuron projection membrane	0.5313326926556362
GO:0031901	C	2	1080	7	8571	2.2674603174603174	0.217282566250123	2.7777365491651205	early endosome membrane	0.5313326926556362
GO:0005793	C	2	1080	7	8571	2.2674603174603174	0.217282566250123	2.7777365491651205	endoplasmic reticulum-Golgi intermediate compartment	0.5313326926556362
GO:0005921	C	3	1080	13	8571	1.8314102564102563	0.2193676370177403	2.083844011142061	gap junction	0.5313326926556362
GO:0000775	C	1	1080	2	8571	3.9680555555555554	0.236147863402505	6.941612604263207	chromosome, centromeric region	0.5313326926556362
GO:0032783	C	1	1080	2	8571	3.9680555555555554	0.236147863402505	6.941612604263207	super elongation complex	0.5313326926556362
GO:0030660	C	1	1080	2	8571	3.9680555555555554	0.236147863402505	6.941612604263207	Golgi-associated vesicle membrane	0.5313326926556362
GO:0005801	C	1	1080	2	8571	3.9680555555555554	0.236147863402505	6.941612604263207	cis-Golgi network	0.5313326926556362
GO:0005745	C	1	1080	2	8571	3.9680555555555554	0.236147863402505	6.941612604263207	m-AAA complex	0.5313326926556362
GO:0019185	C	1	1080	2	8571	3.9680555555555554	0.236147863402505	6.941612604263207	snRNA-activating protein complex	0.5313326926556362
GO:0071006	C	1	1080	2	8571	3.9680555555555554	0.236147863402505	6.941612604263207	U2-type catalytic step 1 spliceosome	0.5313326926556362
GO:0043197	C	1	1080	2	8571	3.9680555555555554	0.236147863402505	6.941612604263207	dendritic spine	0.5313326926556362
GO:0071339	C	1	1080	2	8571	3.9680555555555554	0.236147863402505	6.941612604263207	MLL1 complex	0.5313326926556362
GO:0071819	C	1	1080	2	8571	3.9680555555555554	0.236147863402505	6.941612604263207	DUBm complex	0.5313326926556362
GO:0070062	C	1	1080	2	8571	3.9680555555555554	0.236147863402505	6.941612604263207	extracellular exosome	0.5313326926556362
GO:0005875	C	1	1080	2	8571	3.9680555555555554	0.236147863402505	6.941612604263207	microtubule associated complex	0.5313326926556362
GO:0002178	C	1	1080	2	8571	3.9680555555555554	0.236147863402505	6.941612604263207	palmitoyltransferase complex	0.5313326926556362
GO:0001405	C	1	1080	2	8571	3.9680555555555554	0.236147863402505	6.941612604263207	PAM complex, Tim23 associated import motor	0.5313326926556362
GO:0031523	C	1	1080	2	8571	3.9680555555555554	0.236147863402505	6.941612604263207	Myb complex	0.5313326926556362
GO:0000812	C	1	1080	2	8571	3.9680555555555554	0.236147863402505	6.941612604263207	Swr1 complex	0.5313326926556362
GO:0072669	C	1	1080	2	8571	3.9680555555555554	0.236147863402505	6.941612604263207	tRNA-splicing ligase complex	0.5313326926556362
GO:0031261	C	1	1080	2	8571	3.9680555555555554	0.236147863402505	6.941612604263207	DNA replication preinitiation complex	0.5313326926556362
GO:0098978	C	1	1080	2	8571	3.9680555555555554	0.236147863402505	6.941612604263207	glutamatergic synapse	0.5313326926556362
GO:0098574	C	1	1080	2	8571	3.9680555555555554	0.236147863402505	6.941612604263207	cytoplasmic side of lysosomal membrane	0.5313326926556362
GO:0030132	C	1	1080	2	8571	3.9680555555555554	0.236147863402505	6.941612604263207	clathrin coat of coated pit	0.5313326926556362
GO:0042709	C	1	1080	2	8571	3.9680555555555554	0.236147863402505	6.941612604263207	succinate-CoA ligase complex	0.5313326926556362
GO:0009898	C	1	1080	2	8571	3.9680555555555554	0.236147863402505	6.941612604263207	cytoplasmic side of plasma membrane	0.5313326926556362
GO:0097730	C	1	1080	2	8571	3.9680555555555554	0.236147863402505	6.941612604263207	non-motile cilium	0.5313326926556362
GO:1990316	C	1	1080	2	8571	3.9680555555555554	0.236147863402505	6.941612604263207	Atg1/ULK1 kinase complex	0.5313326926556362
GO:0000794	C	1	1080	2	8571	3.9680555555555554	0.236147863402505	6.941612604263207	condensed nuclear chromosome	0.5313326926556362
GO:0014069	C	2	1080	8	8571	1.9840277777777777	0.2668366438529198	2.3144712430426715	postsynaptic density	0.565303608703506
GO:0016342	C	2	1080	8	8571	1.9840277777777777	0.2668366438529198	2.3144712430426715	catenin complex	0.565303608703506
GO:0009897	C	2	1080	8	8571	1.9840277777777777	0.2668366438529198	2.3144712430426715	external side of plasma membrane	0.565303608703506
GO:0008076	C	2	1080	8	8571	1.9840277777777777	0.2668366438529198	2.3144712430426715	voltage-gated potassium channel complex	0.565303608703506
GO:0005643	C	2	1080	8	8571	1.9840277777777777	0.2668366438529198	2.3144712430426715	nuclear pore	0.565303608703506
GO:0005938	C	2	1080	8	8571	1.9840277777777777	0.2668366438529198	2.3144712430426715	cell cortex	0.565303608703506
GO:0005741	C	4	1080	21	8571	1.5116402116402117	0.26815684002602214	1.6343756833588454	mitochondrial outer membrane	0.565303608703506
GO:0005802	C	4	1080	22	8571	1.442929292929293	0.2978729675878242	1.543370508054523	trans-Golgi network	0.6077062445944302
GO:0043235	C	11	1080	73	8571	1.1958523592085235	0.3103364900761295	1.2329732339539516	receptor complex	0.6077062445944302
GO:0035267	C	2	1080	9	8571	1.7635802469135802	0.31634029188774526	1.983567452955208	NuA4 histone acetyltransferase complex	0.6077062445944302
GO:0005764	C	5	1080	30	8571	1.3226851851851853	0.32489735698509664	1.3890232558139535	lysosome	0.6077062445944302
GO:0030915	C	1	1080	3	8571	2.64537037037037	0.33242050986361993	3.4703429101019463	Smc5-Smc6 complex	0.6077062445944302
GO:0030991	C	1	1080	3	8571	2.64537037037037	0.33242050986361993	3.4703429101019463	intraciliary transport particle A	0.6077062445944302
GO:1990726	C	1	1080	3	8571	2.64537037037037	0.33242050986361993	3.4703429101019463	Lsm1-7-Pat1 complex	0.6077062445944302
GO:0005797	C	1	1080	3	8571	2.64537037037037	0.33242050986361993	3.4703429101019463	Golgi medial cisterna	0.6077062445944302
GO:0043232	C	1	1080	3	8571	2.64537037037037	0.33242050986361993	3.4703429101019463	intracellular membraneless organelle	0.6077062445944302
GO:0015934	C	1	1080	3	8571	2.64537037037037	0.33242050986361993	3.4703429101019463	large ribosomal subunit	0.6077062445944302
GO:0031416	C	1	1080	3	8571	2.64537037037037	0.33242050986361993	3.4703429101019463	NatB complex	0.6077062445944302
GO:0031526	C	1	1080	3	8571	2.64537037037037	0.33242050986361993	3.4703429101019463	brush border membrane	0.6077062445944302
GO:0005901	C	1	1080	3	8571	2.64537037037037	0.33242050986361993	3.4703429101019463	caveola	0.6077062445944302
GO:0008305	C	1	1080	3	8571	2.64537037037037	0.33242050986361993	3.4703429101019463	integrin complex	0.6077062445944302
GO:0005672	C	1	1080	3	8571	2.64537037037037	0.33242050986361993	3.4703429101019463	transcription factor TFIIA complex	0.6077062445944302
GO:0070822	C	1	1080	3	8571	2.64537037037037	0.33242050986361993	3.4703429101019463	Sin3-type complex	0.6077062445944302
GO:0005761	C	1	1080	3	8571	2.64537037037037	0.33242050986361993	3.4703429101019463	mitochondrial ribosome	0.6077062445944302
GO:0005758	C	2	1080	10	8571	1.587222222222222	0.3650200354791039	1.7353896103896105	mitochondrial intermembrane space	0.6371058124919567
GO:0042995	C	2	1080	10	8571	1.587222222222222	0.3650200354791039	1.7353896103896105	cell projection	0.6371058124919567
GO:0000785	C	6	1080	40	8571	1.1904166666666665	0.39129279532288797	1.225271114032205	chromatin	0.6371058124919567
GO:0005777	C	7	1080	48	8571	1.157349537037037	0.40171686137376705	1.1854158616143478	peroxisome	0.6371058124919567
GO:0012505	C	11	1080	79	8571	1.105028129395218	0.41057386110534877	1.1232735376657679	endomembrane system	0.6371058124919567
GO:0005763	C	2	1080	11	8571	1.442929292929293	0.4122978095312185	1.5423623995052567	mitochondrial small ribosomal subunit	0.6371058124919567
GO:0005770	C	2	1080	11	8571	1.442929292929293	0.4122978095312185	1.5423623995052567	late endosome	0.6371058124919567
GO:0000124	C	2	1080	11	8571	1.442929292929293	0.4122978095312185	1.5423623995052567	SAGA complex	0.6371058124919567
GO:0030672	C	2	1080	11	8571	1.442929292929293	0.4122978095312185	1.5423623995052567	synaptic vesicle membrane	0.6371058124919567
GO:0005964	C	1	1080	4	8571	1.9840277777777777	0.41656918509089486	2.3132530120481927	phosphorylase kinase complex	0.6371058124919567
GO:0000159	C	1	1080	4	8571	1.9840277777777777	0.41656918509089486	2.3132530120481927	protein phosphatase type 2A complex	0.6371058124919567
GO:0001725	C	1	1080	4	8571	1.9840277777777777	0.41656918509089486	2.3132530120481927	stress fiber	0.6371058124919567
GO:0031080	C	1	1080	4	8571	1.9840277777777777	0.41656918509089486	2.3132530120481927	nuclear pore outer ring	0.6371058124919567
GO:0000145	C	1	1080	4	8571	1.9840277777777777	0.41656918509089486	2.3132530120481927	exocyst	0.6371058124919567
GO:0035097	C	1	1080	4	8571	1.9840277777777777	0.41656918509089486	2.3132530120481927	histone methyltransferase complex	0.6371058124919567
GO:0005744	C	1	1080	4	8571	1.9840277777777777	0.41656918509089486	2.3132530120481927	TIM23 mitochondrial import inner membrane translocase complex	0.6371058124919567
GO:0042734	C	1	1080	4	8571	1.9840277777777777	0.41656918509089486	2.3132530120481927	presynaptic membrane	0.6371058124919567
GO:0005787	C	1	1080	4	8571	1.9840277777777777	0.41656918509089486	2.3132530120481927	signal peptidase complex	0.6371058124919567
GO:0045335	C	1	1080	4	8571	1.9840277777777777	0.41656918509089486	2.3132530120481927	phagocytic vesicle	0.6371058124919567
GO:0031965	C	1	1080	4	8571	1.9840277777777777	0.41656918509089486	2.3132530120481927	nuclear membrane	0.6371058124919567
GO:0005881	C	1	1080	4	8571	1.9840277777777777	0.41656918509089486	2.3132530120481927	cytoplasmic microtubule	0.6371058124919567
GO:0032588	C	1	1080	4	8571	1.9840277777777777	0.41656918509089486	2.3132530120481927	trans-Golgi network membrane	0.6371058124919567
GO:0030141	C	1	1080	4	8571	1.9840277777777777	0.41656918509089486	2.3132530120481927	secretory granule	0.6371058124919567
GO:0016281	C	1	1080	4	8571	1.9840277777777777	0.41656918509089486	2.3132530120481927	eukaryotic translation initiation factor 4F complex	0.6371058124919567
GO:0099078	C	1	1080	4	8571	1.9840277777777777	0.41656918509089486	2.3132530120481927	BORC complex	0.6371058124919567
GO:0031012	C	7	1080	52	8571	1.0683226495726494	0.48772039494533437	1.0794656725691207	extracellular matrix	0.6908912993213477
GO:0000407	C	1	1080	5	8571	1.587222222222222	0.49011946874933215	1.734708063021316	phagophore assembly site	0.6908912993213477
GO:0008023	C	1	1080	5	8571	1.587222222222222	0.49011946874933215	1.734708063021316	transcription elongation factor complex	0.6908912993213477
GO:0098553	C	1	1080	5	8571	1.587222222222222	0.49011946874933215	1.734708063021316	lumenal side of endoplasmic reticulum membrane	0.6908912993213477
GO:0098554	C	1	1080	5	8571	1.587222222222222	0.49011946874933215	1.734708063021316	cytoplasmic side of endoplasmic reticulum membrane	0.6908912993213477
GO:0000974	C	1	1080	5	8571	1.587222222222222	0.49011946874933215	1.734708063021316	Prp19 complex	0.6908912993213477
GO:0005942	C	1	1080	5	8571	1.587222222222222	0.49011946874933215	1.734708063021316	phosphatidylinositol 3-kinase complex	0.6908912993213477
GO:0034993	C	1	1080	5	8571	1.587222222222222	0.49011946874933215	1.734708063021316	meiotic nuclear membrane microtubule tethering complex	0.6908912993213477
GO:0045271	C	1	1080	5	8571	1.587222222222222	0.49011946874933215	1.734708063021316	respiratory chain complex I	0.6908912993213477
GO:0033017	C	1	1080	5	8571	1.587222222222222	0.49011946874933215	1.734708063021316	sarcoplasmic reticulum membrane	0.6908912993213477
GO:0030134	C	1	1080	5	8571	1.587222222222222	0.49011946874933215	1.734708063021316	COPII-coated ER to Golgi transport vesicle	0.6908912993213477
GO:0030018	C	1	1080	5	8571	1.587222222222222	0.49011946874933215	1.734708063021316	Z disc	0.6908912993213477
GO:0005902	C	1	1080	5	8571	1.587222222222222	0.49011946874933215	1.734708063021316	microvillus	0.6908912993213477
GO:0016324	C	3	1080	21	8571	1.1337301587301587	0.5040648164915817	1.1564531104921076	apical plasma membrane	0.7062944135271265
GO:0045202	C	2	1080	14	8571	1.1337301587301587	0.5421373248585104	1.1563079777365493	synapse	0.7455793126765906
GO:0012506	C	1	1080	6	8571	1.322685185185185	0.5544051299390033	1.38758109360519	vesicle membrane	0.7455793126765906
GO:0005665	C	1	1080	6	8571	1.322685185185185	0.5544051299390033	1.38758109360519	RNA polymerase II, core complex	0.7455793126765906
GO:0000922	C	1	1080	6	8571	1.322685185185185	0.5544051299390033	1.38758109360519	spindle pole	0.7455793126765906
GO:0005814	C	1	1080	6	8571	1.322685185185185	0.5544051299390033	1.38758109360519	centriole	0.7455793126765906
GO:0017053	C	1	1080	6	8571	1.322685185185185	0.5544051299390033	1.38758109360519	transcription repressor complex	0.7455793126765906
GO:0005834	C	1	1080	6	8571	1.322685185185185	0.5544051299390033	1.38758109360519	heterotrimeric G-protein complex	0.7455793126765906
GO:0005829	C	30	1080	242	8571	0.9838154269972452	0.5685646695773325	0.9809973045822102	cytosol	0.760252186749119
GO:0005768	C	2	1080	15	8571	1.0581481481481483	0.5807666339804665	1.0672184957899244	endosome	0.7718111428210084
GO:0016020	C	199	1080	1596	8571	0.9895276385407965	0.5838058644415319	0.985333416750829	membrane	0.7718111428210084
GO:0016323	C	1	1080	7	8571	1.1337301587301587	0.6105922238871498	1.1561631139944393	basolateral plasma membrane	0.7893844220419507
GO:0000776	C	1	1080	7	8571	1.1337301587301587	0.6105922238871498	1.1561631139944393	kinetochore	0.7893844220419507
GO:0005815	C	1	1080	7	8571	1.1337301587301587	0.6105922238871498	1.1561631139944393	microtubule organizing center	0.7893844220419507
GO:0030992	C	1	1080	7	8571	1.1337301587301587	0.6105922238871498	1.1561631139944393	intraciliary transport particle B	0.7893844220419507
GO:0043005	C	3	1080	25	8571	0.9523333333333334	0.6264519025783439	0.9456824512534819	neuron projection	0.8054381604578709
GO:0005576	C	20	1080	168	8571	0.9447751322751323	0.6433816176253997	0.9361295257521672	extracellular region	0.8226846913898554
GO:0005769	C	2	1080	17	8571	0.9336601307189543	0.6506638614654932	0.9246753246753247	early endosome	0.8255071569558146
GO:0000123	C	1	1080	8	8571	0.9920138888888889	0.6597001638920399	0.9908645571296174	histone acetyltransferase complex	0.8255071569558146
GO:0016459	C	1	1080	8	8571	0.9920138888888889	0.6597001638920399	0.9908645571296174	myosin complex	0.8255071569558146
GO:0071944	C	1	1080	8	8571	0.9920138888888889	0.6597001638920399	0.9908645571296174	cell periphery	0.8255071569558146
GO:0005874	C	6	1080	53	8571	0.8984276729559748	0.6728908641814262	0.8848211101866159	microtubule	0.8375343735024134
GO:0005813	C	2	1080	18	8571	0.8817901234567901	0.68197940291541	0.8667671614100185	centrosome	0.8443554512286029
GO:0010008	C	1	1080	9	8571	0.8817901234567901	0.7026201478925769	0.866890639481001	endosome membrane	0.8476574007170983
GO:0030659	C	1	1080	9	8571	0.8817901234567901	0.7026201478925769	0.866890639481001	cytoplasmic vesicle membrane	0.8476574007170983
GO:0000428	C	1	1080	9	8571	0.8817901234567901	0.7026201478925769	0.866890639481001	DNA-directed RNA polymerase complex	0.8476574007170983
GO:0005657	C	1	1080	9	8571	0.8817901234567901	0.7026201478925769	0.866890639481001	replication fork	0.8476574007170983
GO:1990904	C	4	1080	37	8571	0.8579579579579579	0.7027586997398165	0.8401486988847584	ribonucleoprotein complex	0.8476574007170983
GO:0005762	C	2	1080	19	8571	0.8353801169590642	0.7109579250857277	0.8156717232347485	mitochondrial large ribosomal subunit	0.8531495101028733
GO:0005694	C	4	1080	38	8571	0.8353801169590642	0.7228939648592392	0.8153291056199431	chromosome	0.8608094582335233
GO:0005856	C	6	1080	56	8571	0.850297619047619	0.7246985609914705	0.8313966480446927	cytoskeleton	0.8608094582335233
GO:0031410	C	1	1080	10	8571	0.793611111111111	0.7401312714940738	0.7704664813098548	cytoplasmic vesicle	0.8616453608438471
GO:0030687	C	1	1080	10	8571	0.793611111111111	0.7401312714940738	0.7704664813098548	preribosome, large subunit precursor	0.8616453608438471
GO:0055037	C	1	1080	10	8571	0.793611111111111	0.7401312714940738	0.7704664813098548	recycling endosome	0.8616453608438471
GO:0000792	C	1	1080	10	8571	0.793611111111111	0.7401312714940738	0.7704664813098548	heterochromatin	0.8616453608438471
GO:0005794	C	8	1080	75	8571	0.8465185185185184	0.7446565521377787	0.8269102249944308	Golgi apparatus	0.8626219465358426
GO:0005912	C	2	1080	21	8571	0.7558201058201058	0.7622828090890515	0.7296162484132409	adherens junction	0.8695289449016542
GO:0000786	C	2	1080	21	8571	0.7558201058201058	0.7622828090890515	0.7296162484132409	nucleosome	0.8695289449016542
GO:0005884	C	1	1080	11	8571	0.7214646464646465	0.7729146176903593	0.6933271547729379	actin filament	0.8695289449016542
GO:0022627	C	1	1080	11	8571	0.7214646464646465	0.7729146176903593	0.6933271547729379	cytosolic small ribosomal subunit	0.8695289449016542
GO:0005669	C	1	1080	11	8571	0.7214646464646465	0.7729146176903593	0.6933271547729379	transcription factor TFIID complex	0.8695289449016542
GO:0005911	C	1	1080	11	8571	0.7214646464646465	0.7729146176903593	0.6933271547729379	cell-cell junction	0.8695289449016542
GO:0005811	C	1	1080	12	8571	0.6613425925925925	0.801565577140641	0.6302131603336423	lipid droplet	0.8959454762245146
GO:0005840	C	3	1080	33	8571	0.7214646464646465	0.8040536325091797	0.6927576601671309	ribosome	0.8959454762245146
GO:0005743	C	7	1080	72	8571	0.7715663580246913	0.8190534660048266	0.7453150763495591	mitochondrial inner membrane	0.9038573893555538
GO:0005680	C	1	1080	13	8571	0.6104700854700854	0.8266046210345663	0.5776181649675626	anaphase-promoting complex	0.9038573893555538
GO:0022625	C	1	1080	13	8571	0.6104700854700854	0.8266046210345663	0.5776181649675626	cytosolic large ribosomal subunit	0.9038573893555538
GO:0005778	C	1	1080	13	8571	0.6104700854700854	0.8266046210345663	0.5776181649675626	peroxisomal membrane	0.9038573893555538
GO:0005930	C	1	1080	14	8571	0.5668650793650793	0.848486720740417	0.5331147073501105	axoneme	0.9234692681546864
GO:0005634	C	133	1080	1141	8571	0.925068166325835	0.8603218415781464	0.9032690953889475	nucleus	0.9320153283763252
GO:0005654	C	7	1080	78	8571	0.7122150997150997	0.8767438003788183	0.6817793996035861	nucleoplasm	0.9416150625464835
GO:0030425	C	1	1080	16	8571	0.49600694444444443	0.8843208567771355	0.4619091751621872	dendrite	0.9416150625464835
GO:0031201	C	1	1080	16	8571	0.49600694444444443	0.8843208567771355	0.4619091751621872	SNARE complex	0.9416150625464835
GO:0030424	C	3	1080	39	8571	0.6104700854700854	0.885279118633446	0.5768337975858867	axon	0.9416150625464835
GO:0005681	C	1	1080	17	8571	0.46683006535947713	0.898924418984113	0.4329819277108434	spliceosomal complex	0.9432659822523876
GO:0043025	C	1	1080	17	8571	0.46683006535947713	0.898924418984113	0.4329819277108434	neuronal cell body	0.9432659822523876
GO:0016592	C	1	1080	17	8571	0.46683006535947713	0.898924418984113	0.4329819277108434	mediator complex	0.9432659822523876
GO:0032040	C	1	1080	18	8571	0.44089506172839504	0.9116858905175662	0.4074578858420106	small-subunit processome	0.9523861534871004
GO:0036064	C	1	1080	19	8571	0.4176900584795321	0.9228374441526683	0.3847698486252703	ciliary basal body	0.9570482467968654
GO:0005730	C	9	1080	105	8571	0.6802380952380952	0.9256496427477744	0.6473214285714286	nucleolus	0.9570482467968654
GO:1990604	C	3	1080	44	8571	0.5410984848484849	0.9284185983884121	0.5061485155241524	IRE1-TRAF2-ASK1 complex	0.9570482467968654
GO:0000176	C	1	1080	20	8571	0.3968055555555555	0.9325820138808159	0.36447002585239746	nuclear exosome (RNase complex)	0.9571236458250479
GO:0071013	C	1	1080	21	8571	0.3779100529100529	0.9410969741204042	0.34620018535681185	catalytic step 2 spliceosome	0.9616449429876618
GO:0005667	C	2	1080	36	8571	0.44089506172839504	0.9517946193671951	0.40690821783258757	transcription regulator complex	0.9683475692692332
GO:0005929	C	1	1080	24	8571	0.33067129629629627	0.960719317002488	0.3009227545634041	cilium	0.9731961912492735
GO:0019005	C	1	1080	25	8571	0.3174444444444444	0.9656828290695657	0.28834569045412417	SCF ubiquitin ligase complex	0.9740076810443034
GO:0005739	C	15	1080	220	8571	0.5410984848484848	0.9982840903927579	0.5005839917554105	mitochondrion	0.9999185206392591
GO:0042575	C	2	1080	89	8571	0.17833957553058677	0.9999185206392591	0.1578913697140298	DNA polymerase complex	0.9999185206392591
